{
  "terran": {
    "SiegeTank": 0,
    "Marine": 2,
    "Reaper": 0,
    "Marauder": 0,
    "Cyclone": 0,
    "Hellion": 0,
    "Thor": 0,
    "CloakingField": 0,
    "HyperflightRotors": 0,
    "WeaponRefit": 0,
    "CombatShield": 0,
    "ConcussiveShells": 0,
    "LockOn": 0,
    "DrillingClaws": 0,
    "HiSecAutoTracking": 0,
    "InfernalPreigniter": 0,
    "PersonalCloaking": 0,
    "CorvidReactor": 0,
    "SmartServos": 0,
    "Stimpack": 0,
    "InfantryArmors": 0,
    "InfantryWeapons": 0,
    "ShipWeapons": 0,
    "StructureArmor": 0,
    "VehicleAndShipArmors": 0,
    "VehicleWeapons": 0
  },
  "protoss": {
    "Colossus": 0,
    "Zealot": 1,
    "Stalker": 0,
    "HighTemplar": 0,
    "Sentry": 0,
    "Immortal": 0,
    "Adept": 0,
    "ResonatingGlaives": 0,
    "Blink": 0,
    "Charge": 0,
    "ExtendedThermalLance": 0,
    "GraviticBooster": 0,
    "GraviticDrive": 0,
    "AnionPulseCrystals": 0,
    "AirArmors": 0,
    "AirWeapons": 0,
    "GroundArmors": 0,
    "GroundWeapons": 0,
    "Shields": 0,
    "PsiStorm": 0,
    "ShadowStrike": 0
  },
  "zerg": {
    "Baneling": 0,
    "Zergling": 4,
    "Hydralisk": 0,
    "Ultralisk": 0,
    "Roach": 0,
    "Infestor": 0,
    "AnabolicSynthesis": 0,
    "Burrow": 0,
    "CentrificalHooks": 0,
    "ChitinousPlating": 0,
    "GlialReconstitution": 0,
    "NeuralParasite": 0,
    "PathogenGlands": 0,
    "PneumatizedCarapace": 0,
    "TunnelingClaws": 0,
    "FlyerArmors": 0,
    "FlyerWeapons": 0,
    "GroundArmors": 0,
    "MeleeWeapons": 0,
    "MissileWeapons": 0,
    "AdrenalGlands": 0,
    "MetabolicBoost": 0
  }
}
