{
  "Zealot": {
    "minerals": 100,
    "gas": 0
  },
  "Sentry": {
    "minerals": 50,
    "gas": 100
  },
  "Stalker": {
    "minerals": 125,
    "gas": 50
  },
  "Adept": {
    "minerals": 100,
    "gas": 25
  },
  "Immortal": {
    "minerals": 275,
    "gas": 100
  },
  "Colossus": {
    "minerals": 300,
    "gas": 200
  },
  "HighTemplar": {
    "minerals": 50,
    "gas": 150
  },
  "Marine": {
    "minerals": 50,
    "gas": 0
  },
  "Marauder": {
    "minerals": 100,
    "gas": 25
  },
  "Reaper": {
    "minerals": 50,
    "gas": 50
  },
  "SiegeTank": {
    "minerals": 150,
    "gas": 125
  },
  "Hellion": {
    "minerals": 100,
    "gas": 0
  },
  "Cyclone": {
    "minerals": 150,
    "gas": 100
  },
  "Thor": {
    "minerals": 300,
    "gas": 200
  },
  "Zergling": {
    "minerals": 25,
    "gas": 0
  },
  "Baneling": {
    "minerals": 25,
    "gas": 25
  },
  "Roach": {
    "minerals": 75,
    "gas": 25
  },
  "Hydralisk": {
    "minerals": 100,
    "gas": 50
  },
  "Ultralisk": {
    "minerals": 300,
    "gas": 200
  },
  "Infestor": {
    "minerals": 100,
    "gas": 150
  }
}
