{
  "ResonatingGlaives": {
    "minerals": 100,
    "gas": 100
  },
  "Blink": {
    "minerals": 150,
    "gas": 150
  },
  "Charge": {
    "minerals": 100,
    "gas": 100
  },
  "ExtendedThermalLance": {
    "minerals": 150,
    "gas": 150
  },
  "GraviticBooster": {
    "minerals": 100,
    "gas": 100
  },
  "GraviticDrive": {
    "minerals": 100,
    "gas": 100
  },
  "AnionPulseCrystals": {
    "minerals": 150,
    "gas": 150
  },
  "AirArmorsLevel1": {
    "minerals": 150,
    "gas": 150
  },
  "AirArmorsLevel2": {
    "minerals": 225,
    "gas": 225
  },
  "AirArmorsLevel3": {
    "minerals": 300,
    "gas": 300
  },
  "AirWeaponsLevel1": {
    "minerals": 100,
    "gas": 100
  },
  "AirWeaponsLevel2": {
    "minerals": 175,
    "gas": 175
  },
  "AirWeaponsLevel3": {
    "minerals": 250,
    "gas": 250
  },
  "GroundArmorsLevel1": {
    "minerals": 150,
    "gas": 150
  },
  "GroundArmorsLevel2": {
    "minerals": 225,
    "gas": 225
  },
  "GroundArmorsLevel3": {
    "minerals": 300,
    "gas": 300
  },
  "GroundWeaponsLevel1": {
    "minerals": 100,
    "gas": 100
  },
  "GroundWeaponsLevel2": {
    "minerals": 150,
    "gas": 150
  },
  "GroundWeaponsLevel3": {
    "minerals": 200,
    "gas": 200
  },
  "ShieldsLevel1": {
    "minerals": 150,
    "gas": 150
  },
  "ShieldsLevel2": {
    "minerals": 225,
    "gas": 225
  },
  "ShieldsLevel3": {
    "minerals": 300,
    "gas": 300
  },
  "PsiStorm": {
    "minerals": 200,
    "gas": 200
  },
  "ShadowStrike": {
    "minerals": 100,
    "gas": 100
  },
  "AnabolicSynthesis": {
    "minerals": 150,
    "gas": 150
  },
  "Burrow": {
    "minerals": 100,
    "gas": 100
  },
  "CentrificalHooks": {
    "minerals": 150,
    "gas": 150
  },
  "ChitinousPlating": {
    "minerals": 100,
    "gas": 100
  },
  "GlialReconstitution": {
    "minerals": 100,
    "gas": 100
  },
  "NeuralParasite": {
    "minerals": 150,
    "gas": 150
  },
  "PathogenGlands": {
    "minerals": 150,
    "gas": 150
  },
  "PneumatizedCarapace": {
    "minerals": 100,
    "gas": 100
  },
  "TunnelingClaws": {
    "minerals": 150,
    "gas": 150
  },
  "FlyerArmorsLevel1": {
    "minerals": 150,
    "gas": 150
  },
  "FlyerArmorsLevel2": {
    "minerals": 225,
    "gas": 225
  },
  "FlyerArmorsLevel3": {
    "minerals": 300,
    "gas": 300
  },
  "FlyerWeaponsLevel1": {
    "minerals": 100,
    "gas": 100
  },
  "FlyerWeaponsLevel2": {
    "minerals": 175,
    "gas": 175
  },
  "FlyerWeaponsLevel3": {
    "minerals": 250,
    "gas": 250
  },
  "MeleeWeaponsLevel1": {
    "minerals": 100,
    "gas": 100
  },
  "MeleeWeaponsLevel2": {
    "minerals": 150,
    "gas": 150
  },
  "MeleeWeaponsLevel3": {
    "minerals": 200,
    "gas": 200
  },
  "MissileWeaponsLevel1": {
    "minerals": 100,
    "gas": 100
  },
  "MissileWeaponsLevel2": {
    "minerals": 150,
    "gas": 150
  },
  "MissileWeaponsLevel3": {
    "minerals": 200,
    "gas": 200
  },
  "AdrenalGlands": {
    "minerals": 200,
    "gas": 200
  },
  "MetabolicBoost": {
    "minerals": 100,
    "gas": 100
  },
  "CloakingField": {
    "minerals": 200,
    "gas": 200
  },
  "HyperflightRotors": {
    "minerals": 150,
    "gas": 150
  },
  "WeaponRefit": {
    "minerals": 150,
    "gas": 150
  },
  "CombatShield": {
    "minerals": 100,
    "gas": 100
  },
  "ConcussiveShells": {
    "minerals": 100,
    "gas": 100
  },
  "LockOn": {
    "minerals": 100,
    "gas": 100
  },
  "DrillingClaws": {
    "minerals": 75,
    "gas": 75
  },
  "HiSecAutoTracking": {
    "minerals": 100,
    "gas": 100
  },
  "InfernalPreigniter": {
    "minerals": 100,
    "gas": 100
  },
  "PersonalCloaking": {
    "minerals": 150,
    "gas": 150
  },
  "CorvidReactor": {
    "minerals": 150,
    "gas": 150
  },
  "SmartServos": {
    "minerals": 100,
    "gas": 100
  },
  "Stimpack": {
    "minerals": 100,
    "gas": 100
  },
  "InfantryArmorsLevel1": {
    "minerals": 100,
    "gas": 100
  },
  "InfantryArmorsLevel2": {
    "minerals": 175,
    "gas": 175
  },
  "InfantryArmorsLevel3": {
    "minerals": 250,
    "gas": 250
  },
  "InfantryWeaponsLevel1": {
    "minerals": 100,
    "gas": 100
  },
  "InfantryWeaponsLevel2": {
    "minerals": 175,
    "gas": 175
  },
  "InfantryWeaponsLevel3": {
    "minerals": 250,
    "gas": 250
  },
  "ShipWeaponsLevel1": {
    "minerals": 100,
    "gas": 100
  },
  "ShipWeaponsLevel2": {
    "minerals": 175,
    "gas": 175
  },
  "ShipWeaponsLevel3": {
    "minerals": 250,
    "gas": 250
  },
  "StructureArmor": {
    "minerals": 150,
    "gas": 150
  },
  "VehicleAndShipArmorsLevel1": {
    "minerals": 100,
    "gas": 100
  },
  "VehicleAndShipArmorsLevel2": {
    "minerals": 175,
    "gas": 175
  },
  "VehicleAndShipArmorsLevel3": {
    "minerals": 250,
    "gas": 250
  },
  "VehicleWeaponsLevel1": {
    "minerals": 100,
    "gas": 100
  },
  "VehicleWeaponsLevel2": {
    "minerals": 175,
    "gas": 175
  },
  "VehicleWeaponsLevel3": {
    "minerals": 250,
    "gas": 250
  }
}
