{
  "team": "Oak Ridge National Laboratory",
  "game": "Some Made Up Game",
  "perturbation_id": 0,
  "game_parameters": {
    "max_velocity": {
      "description": "Maximum velocity of vehicle",
      "type": "float",
      "min": 0.0,
      "max": 100.0,
      "default": {
        "blue": 50.0,
        "red": 55.0
      },
      "perturb": {
        "blue": 63.52536126789513,
        "red": 96.47503862507752
      }
    },
    "weapon": {
      "description": "Team weapon",
      "type": "enum",
      "values": [
        "Laser Sword",
        "Photon Cannon",
        "Blaster"
      ],
      "default": {
        "blue": 1,
        "red": 2
      },
      "perturb": {
        "blue": 2,
        "red": 2
      }
    },
    "visibility": {
      "description": "Max distance from each entity can see other entities",
      "type": "float",
      "min": 0.0,
      "max": 5.0,
      "default": {
        "neutral": 3.0
      },
      "perturb": {
        "neutral": 3.503874003923716
      }
    },
    "num_entities": {
      "description": "Number of entities at game start",
      "type": "int",
      "min": 0,
      "max": 10,
      "default": {
        "blue": 6,
        "red": 5
      },
      "perturb": {
        "blue": 2,
        "red": 7
      }
    },
    "terrain": {
      "description": "Terrain type of grid map",
      "type": "enum-array",
      "values": [
        "grass",
        "trees",
        "water"
      ],
      "default": {
        "neutral": [
          [2, 2, 2, 2, 2, 2, 2, 2, 2, 2],
          [2, 2, 2, 2, 2, 2, 2, 2, 2, 2],
          [2, 2, 2, 2, 2, 2, 2, 2, 2, 2],
          [2, 2, 2, 2, 2, 2, 2, 2, 2, 2],
          [0, 0, 0, 0, 0, 0, 0, 0, 0, 0],
          [0, 0, 0, 0, 0, 0, 0, 0, 0, 0],
          [0, 0, 0, 0, 0, 0, 0, 0, 0, 0],
          [0, 0, 0, 0, 0, 0, 0, 0, 0, 0],
          [1, 1, 1, 1, 1, 1, 1, 1, 1, 1],
          [1, 1, 1, 1, 1, 1, 1, 1, 1, 1]
        ]
      },
      "perturb": {
        "neutral": [
          [1, 2, 1, 2, 1, 0, 2, 2, 0, 2],
          [1, 2, 1, 2, 0, 1, 1, 1, 1, 0],
          [2, 1, 2, 1, 2, 2, 1, 0, 2, 2],
          [0, 2, 0, 1, 2, 0, 2, 2, 1, 0],
          [0, 0, 0, 1, 1, 0, 0, 0, 0, 1],
          [1, 0, 0, 1, 1, 0, 2, 1, 0, 0],
          [2, 1, 1, 1, 2, 0, 1, 1, 0, 2],
          [1, 0, 1, 2, 0, 1, 0, 1, 1, 0],
          [1, 2, 1, 0, 0, 0, 0, 2, 2, 2],
          [2, 1, 2, 2, 0, 1, 2, 2, 2, 0]
        ]
      }
    }
  }
}
