{
  "team": "Heron Systems",
  "game": "StarCraft II",
  "perturbation_id": 0,
  "game_parameters": {
    "minerals": {
      "description": "Minerals available for army creation",
      "type": "int",
      "min": 100,
      "max": 3000,
      "default": {
        "blue": 200,
        "red": 200
      },
      "perturb": {
        "blue": 125,
        "red": 200
      }
    },
    "gas": {
      "description": "Gas available for army creation",
      "type": "int",
      "min": 100,
      "max": 3000,
      "default": {
        "blue": 200,
        "red": 200
      },
      "perturb": {
        "blue": 125,
        "red": 200
      }
    },
    "x": {
      "description": "X Position of the army",
      "type": "int",
      "min": 0,
      "max": 32,
      "default": {
        "blue": 12,
        "red": 18
      },
      "perturb": {
        "blue": 5,
        "red": 18
      }
    },
    "y": {
      "description": "Y Position of the army",
      "type": "int",
      "min": 0,
      "max": 32,
      "default": {
        "blue": 16,
        "red": 16
      },
      "perturb": {
        "blue": 5,
        "red": 16
      }
    },
    "available_unit_types": {
      "description": "Shopping list of units for each army",
      "type": "enum-array",
      "values": [
        "unit_type0",
        "unit_type1",
        "unit_type2",
        "unit_type3"
      ],
      "default": {
        "blue": [0, 0, 0, 0, 0, 0, 0, 0, 0, 0, 0, 0, 0, 0, 0, 0, 0, 0, 0, 0, 0, 0, 0, 0, 0, 0, 0, 0, 0, 0, 0, 0],
        "red": [0, 0, 0, 0, 0, 0, 0, 0, 0, 0, 0, 0, 0, 0, 0, 0, 0, 0, 0, 0, 0, 0, 0, 0, 0, 0, 0, 0, 0, 0, 0, 0]
      },
      "perturb": {
        "blue": [3, 3, 2, 2, 1, 1, 2, 3, 0, 3, 0, 0, 0, 0, 0, 0, 0, 0, 0, 0, 0, 0, 0, 0, 0, 0, 0, 0, 0, 0, 0, 0],
        "red": [0, 0, 2, 3, 2, 1, 1, 1, 1, 1, 1, 1, 1, 1, 1, 1, 1, 1, 1, 1, 0, 0, 0, 0, 0, 0, 0, 0, 0, 0, 0, 0]
      }
    },
    "agent_race": {
      "description": "What race the agents play as",
      "type": "enum",
      "values": [
        "Terran",
        "Zerg",
        "Protoss"
      ],
      "default": {
        "blue": 1,
        "red": 2
      },
      "perturb": {
        "blue": 1,
        "red": 3
      }
    }
  }
}
